키워드,연월,시도,시군구,건수,수집일시
무단투기,2024-01,경기도,수원시,92,2026-09-01 11:51
무단투기,2024-01,경기도,고양시,70,2026-09-01 11:51
무단투기,2024-01,경기도,화성시,60,2026-09-01 11:51
무단투기,2024-01,경기도,부천시,54,2026-09-01 11:51
무단투기,2024-01,경기도,용인시,49,2026-09-01 11:51
무단투기,2024-01,경기도,성남시,47,2026-09-01 11:51
무단투기,2024-01,인천광역시,서구,45,2026-09-01 11:51
무단투기,2024-01,경기도,남양주시,44,2026-09-01 11:51
무단투기,2024-01,서울특별시,강남구,42,2026-09-01 11:51
무단투기,2024-02,경기도,수원시,94,2026-09-01 11:51
무단투기,2024-02,경기도,화성시,77,2026-09-01 11:51
무단투기,2024-02,경기도,부천시,66,2026-09-01 11:51
무단투기,2024-02,경기도,고양시,60,2026-09-01 11:51
무단투기,2024-02,인천광역시,서구,58,2026-09-01 11:51
무단투기,2024-02,경기도,용인시,52,2026-09-01 11:51
무단투기,2024-02,서울특별시,강남구,51,2026-09-01 11:51
무단투기,2024-02,서울특별시,마포구,51,2026-09-01 11:51
무단투기,2024-02,경기도,성남시,50,2026-09-01 11:51
무단투기,2024-03,경기도,고양시,108,2026-09-01 11:51
무단투기,2024-03,경기도,화성시,98,2026-09-01 11:51
무단투기,2024-03,경기도,수원시,89,2026-09-01 11:51
무단투기,2024-03,경기도,부천시,88,2026-09-01 11:51
무단투기,2024-03,경기도,성남시,76,2026-09-01 11:51
무단투기,2024-03,경기도,용인시,60,2026-09-01 11:51
무단투기,2024-03,경기도,안산시,56,2026-09-01 11:51
무단투기,2024-03,서울특별시,강남구,56,2026-09-01 11:51
무단투기,2024-03,인천광역시,미추홀구,54,2026-09-01 11:51
무단투기,2024-04,경기도,양주시,143,2026-09-01 11:51
무단투기,2024-04,경기도,고양시,122,2026-09-01 11:51
무단투기,2024-04,경기도,수원시,120,2026-09-01 11:51
무단투기,2024-04,경기도,화성시,112,2026-09-01 11:51
무단투기,2024-04,경기도,부천시,106,2026-09-01 11:51
무단투기,2024-04,경기도,성남시,89,2026-09-01 11:51
무단투기,2024-04,경기도,용인시,78,2026-09-01 11:51
무단투기,2024-04,인천광역시,서구,61,2026-09-01 11:51
무단투기,2024-04,인천광역시,부평구,60,2026-09-01 11:51
무단투기,2024-05,경기도,양주시,257,2026-09-01 11:51
무단투기,2024-05,경기도,수원시,118,2026-09-01 11:51
무단투기,2024-05,서울특별시,강남구,108,2026-09-01 11:51
무단투기,2024-05,경기도,성남시,95,2026-09-01 11:51
무단투기,2024-05,경기도,화성시,94,2026-09-01 11:51
무단투기,2024-05,경기도,고양시,81,2026-09-01 11:51
무단투기,2024-05,경기도,부천시,70,2026-09-01 11:51
무단투기,2024-05,인천광역시,미추홀구,66,2026-09-01 11:51
무단투기,2024-05,경기도,용인시,62,2026-09-01 11:51
무단투기,2024-06,경기도,양주시,204,2026-09-01 11:51
무단투기,2024-06,경기도,수원시,148,2026-09-01 11:51
무단투기,2024-06,경기도,화성시,121,2026-09-01 11:51
무단투기,2024-06,경기도,고양시,109,2026-09-01 11:51
무단투기,2024-06,경기도,성남시,106,2026-09-01 11:51
무단투기,2024-06,서울특별시,강남구,100,2026-09-01 11:51
무단투기,2024-06,경기도,부천시,90,2026-09-01 11:51
무단투기,2024-06,경기도,안산시,74,2026-09-01 11:51
무단투기,2024-06,경기도,용인시,74,2026-09-01 11:51
무단투기,2024-07,경기도,수원시,180,2026-09-01 11:51
무단투기,2024-07,경기도,양주시,136,2026-09-01 11:51
무단투기,2024-07,경기도,부천시,109,2026-09-01 11:51
무단투기,2024-07,경기도,화성시,102,2026-09-01 11:51
무단투기,2024-07,서울특별시,강남구,102,2026-09-01 11:51
무단투기,2024-07,경기도,고양시,96,2026-09-01 11:51
무단투기,2024-07,경기도,성남시,80,2026-09-01 11:51
무단투기,2024-07,충청북도,청주시,80,2026-09-01 11:51
무단투기,2024-07,경기도,안산시,76,2026-09-01 11:51
무단투기,2024-08,경기도,수원시,124,2026-09-01 11:51
무단투기,2024-08,경기도,부천시,118,2026-09-01 11:51
무단투기,2024-08,경기도,고양시,115,2026-09-01 11:51
무단투기,2024-08,경기도,성남시,97,2026-09-01 11:51
무단투기,2024-08,경기도,화성시,91,2026-09-01 11:51
무단투기,2024-08,인천광역시,미추홀구,87,2026-09-01 11:51
무단투기,2024-08,경기도,용인시,83,2026-09-01 11:51
무단투기,2024-08,충청북도,청주시,83,2026-09-01 11:51
무단투기,2024-08,경기도,안산시,80,2026-09-01 11:51
무단투기,2024-09,서울특별시,은평구,157,2026-09-01 11:51
무단투기,2024-09,경기도,수원시,132,2026-09-01 11:51
무단투기,2024-09,경기도,고양시,106,2026-09-01 11:51
무단투기,2024-09,경기도,성남시,103,2026-09-01 11:51
무단투기,2024-09,경기도,화성시,102,2026-09-01 11:51
무단투기,2024-09,경기도,부천시,99,2026-09-01 11:51
무단투기,2024-09,경기도,양주시,96,2026-09-01 11:51
무단투기,2024-09,경기도,용인시,87,2026-09-01 11:51
무단투기,2024-09,인천광역시,미추홀구,78,2026-09-01 11:51
무단투기,2024-10,경기도,수원시,109,2026-09-01 11:51
무단투기,2024-10,경기도,고양시,96,2026-09-01 11:51
무단투기,2024-10,경기도,화성시,93,2026-09-01 11:51
무단투기,2024-10,경기도,부천시,90,2026-09-01 11:51
무단투기,2024-10,경기도,성남시,83,2026-09-01 11:51
무단투기,2024-10,경기도,용인시,69,2026-09-01 11:51
무단투기,2024-10,서울특별시,동대문구,58,2026-09-01 11:51
무단투기,2024-10,인천광역시,부평구,58,2026-09-01 11:51
무단투기,2024-10,서울특별시,관악구,56,2026-09-01 11:51
무단투기,2024-11,경기도,양주시,229,2026-09-01 11:51
무단투기,2024-11,경기도,고양시,92,2026-09-01 11:51
무단투기,2024-11,경기도,수원시,87,2026-09-01 11:51
무단투기,2024-11,경기도,화성시,82,2026-09-01 11:51
무단투기,2024-11,경기도,부천시,66,2026-09-01 11:51
무단투기,2024-11,경기도,성남시,61,2026-09-01 11:51
무단투기,2024-11,경기도,용인시,58,2026-09-01 11:51
무단투기,2024-11,경상남도,창원시,53,2026-09-01 11:51
무단투기,2024-11,인천광역시,미추홀구,50,2026-09-01 11:51
무단투기,2024-12,경기도,양주시,218,2026-09-01 11:51
무단투기,2024-12,경기도,수원시,105,2026-09-01 11:51
무단투기,2024-12,서울특별시,은평구,86,2026-09-01 11:51
무단투기,2024-12,경기도,화성시,62,2026-09-01 11:51
무단투기,2024-12,경기도,부천시,57,2026-09-01 11:51
무단투기,2024-12,경기도,성남시,52,2026-09-01 11:51
무단투기,2024-12,경기도,고양시,50,2026-09-01 11:51
무단투기,2024-12,서울특별시,구로구,50,2026-09-01 11:51
무단투기,2024-12,경기도,용인시,46,2026-09-01 11:51
무단투기,2025-01,경기도,양주시,132,2026-09-01 11:51
무단투기,2025-01,경기도,부천시,77,2026-09-01 11:51
무단투기,2025-01,경기도,수원시,73,2026-09-01 11:51
무단투기,2025-01,경기도,고양시,65,2026-09-01 11:51
무단투기,2025-01,경기도,화성시,62,2026-09-01 11:51
무단투기,2025-01,대구광역시,달서구,59,2026-09-01 11:51
무단투기,2025-01,경기도,성남시,52,2026-09-01 11:51
무단투기,2025-01,인천광역시,부평구,50,2026-09-01 11:51
무단투기,2025-01,전북특별자치도,전주시,48,2026-09-01 11:51
무단투기,2025-02,대구광역시,달서구,73,2026-09-01 11:51
무단투기,2025-02,경기도,성남시,71,2026-09-01 11:51
무단투기,2025-02,경기도,화성시,70,2026-09-01 11:51
무단투기,2025-02,경기도,부천시,65,2026-09-01 11:51
무단투기,2025-02,경기도,수원시,63,2026-09-01 11:51
무단투기,2025-02,전북특별자치도,전주시,55,2026-09-01 11:51
무단투기,2025-02,서울특별시,강남구,50,2026-09-01 11:51
무단투기,2025-02,경기도,안산시,47,2026-09-01 11:51
무단투기,2025-02,서울특별시,관악구,47,2026-09-01 11:51
무단투기,2025-03,경기도,수원시,144,2026-09-01 11:51
무단투기,2025-03,경기도,화성시,108,2026-09-01 11:51
무단투기,2025-03,경기도,성남시,96,2026-09-01 11:51
무단투기,2025-03,경기도,용인시,76,2026-09-01 11:51
무단투기,2025-03,경기도,부천시,72,2026-09-01 11:51
무단투기,2025-03,경기도,고양시,66,2026-09-01 11:51
무단투기,2025-03,경기도,안산시,63,2026-09-01 11:51
무단투기,2025-03,경기도,남양주시,59,2026-09-01 11:51
무단투기,2025-03,경기도,시흥시,55,2026-09-01 11:51
무단투기,2025-04,경기도,수원시,136,2026-09-01 11:51
무단투기,2025-04,경기도,화성시,132,2026-09-01 11:51
무단투기,2025-04,경기도,성남시,111,2026-09-01 11:51
무단투기,2025-04,경기도,부천시,89,2026-09-01 11:51
무단투기,2025-04,경기도,고양시,87,2026-09-01 11:51
무단투기,2025-04,경기도,평택시,84,2026-09-01 11:51
무단투기,2025-04,경기도,안산시,75,2026-09-01 11:51
무단투기,2025-04,경기도,용인시,68,2026-09-01 11:51
무단투기,2025-04,경상남도,창원시,62,2026-09-01 11:51
무단투기,2025-05,경기도,수원시,162,2026-09-01 11:51
무단투기,2025-05,경기도,고양시,126,2026-09-01 11:51
무단투기,2025-05,경기도,양주시,120,2026-09-01 11:51
무단투기,2025-05,경기도,성남시,115,2026-09-01 11:51
무단투기,2025-05,경기도,화성시,107,2026-09-01 11:51
무단투기,2025-05,경기도,부천시,90,2026-09-01 11:51
무단투기,2025-05,충청북도,청주시,87,2026-09-01 11:51
무단투기,2025-05,경기도,용인시,70,2026-09-01 11:51
무단투기,2025-05,경상남도,창원시,67,2026-09-01 11:51
무단투기,2025-06,경기도,수원시,154,2026-09-01 11:51
무단투기,2025-06,경기도,고양시,116,2026-09-01 11:51
무단투기,2025-06,경기도,화성시,101,2026-09-01 11:51
무단투기,2025-06,경기도,부천시,95,2026-09-01 11:51
무단투기,2025-06,경기도,성남시,83,2026-09-01 11:51
무단투기,2025-06,경기도,용인시,82,2026-09-01 11:51
무단투기,2025-06,서울특별시,관악구,79,2026-09-01 11:51
무단투기,2025-06,서울특별시,강서구,70,2026-09-01 11:51
무단투기,2025-06,서울특별시,강남구,69,2026-09-01 11:51
무단투기,2025-07,서울특별시,중랑구,163,2026-09-01 11:51
무단투기,2025-07,경기도,수원시,135,2026-09-01 11:51
무단투기,2025-07,경기도,고양시,117,2026-09-01 11:51
무단투기,2025-07,경기도,성남시,113,2026-09-01 11:51
무단투기,2025-07,경기도,화성시,111,2026-09-01 11:51
무단투기,2025-07,경기도,부천시,92,2026-09-01 11:51
무단투기,2025-07,경기도,용인시,79,2026-09-01 11:51
무단투기,2025-07,인천광역시,서구,76,2026-09-01 11:51
무단투기,2025-07,서울특별시,관악구,73,2026-09-01 11:51
무단투기,2025-08,경기도,수원시,141,2026-09-01 11:51
무단투기,2025-08,경기도,화성시,128,2026-09-01 11:51
무단투기,2025-08,경기도,고양시,114,2026-09-01 11:51
무단투기,2025-08,경기도,부천시,90,2026-09-01 11:51
무단투기,2025-08,경기도,성남시,85,2026-09-01 11:51
무단투기,2025-08,경상남도,창원시,81,2026-09-01 11:51
무단투기,2025-08,서울특별시,중구,79,2026-09-01 11:51
무단투기,2025-08,인천광역시,서구,76,2026-09-01 11:51
무단투기,2025-08,경기도,용인시,73,2026-09-01 11:51
무단투기,2025-09,경기도,화성시,125,2026-09-01 11:51
무단투기,2025-09,경기도,수원시,97,2026-09-01 11:51
무단투기,2025-09,경기도,성남시,87,2026-09-01 11:51
무단투기,2025-09,경기도,부천시,84,2026-09-01 11:51
무단투기,2025-09,경기도,고양시,83,2026-09-01 11:51
무단투기,2025-09,서울특별시,중구,71,2026-09-01 11:51
무단투기,2025-09,경기도,용인시,60,2026-09-01 11:51
무단투기,2025-09,경상남도,창원시,60,2026-09-01 11:51
무단투기,2025-09,서울특별시,강서구,58,2026-09-01 11:51
무단투기,2025-10,경기도,성남시,39,2026-09-01 11:51
무단투기,2025-10,경기도,고양시,12,2026-09-01 11:51
무단투기,2025-10,경기도,이천시,7,2026-09-01 11:51
무단투기,2025-10,경기도,남양주시,6,2026-09-01 11:51
무단투기,2025-10,경기도,화성시,6,2026-09-01 11:51
무단투기,2025-10,인천광역시,미추홀구,6,2026-09-01 11:51
무단투기,2025-10,경기도,안산시,5,2026-09-01 11:51
무단투기,2025-10,부산광역시,강서구,4,2026-09-01 11:51
무단투기,2025-10,대구광역시,수성구,4,2026-09-01 11:51
무단투기,2025-11,경기도,수원시,128,2026-09-01 11:51
무단투기,2025-11,경기도,용인시,117,2026-09-01 11:51
무단투기,2025-11,경기도,고양시,91,2026-09-01 11:51
무단투기,2025-11,경기도,화성시,90,2026-09-01 11:51
무단투기,2025-11,경기도,성남시,73,2026-09-01 11:51
무단투기,2025-11,경기도,부천시,66,2026-09-01 11:51
무단투기,2025-11,전북특별자치도,전주시,63,2026-09-01 11:51
무단투기,2025-11,인천광역시,서구,54,2026-09-01 11:51
무단투기,2025-11,서울특별시,강남구,53,2026-09-01 11:51
무단투기,2025-12,경기도,수원시,121,2026-09-01 11:51
무단투기,2025-12,경기도,화성시,90,2026-09-01 11:51
무단투기,2025-12,경기도,고양시,88,2026-09-01 11:51
무단투기,2025-12,경기도,부천시,67,2026-09-01 11:51
무단투기,2025-12,서울특별시,강남구,66,2026-09-01 11:51
무단투기,2025-12,경기도,용인시,56,2026-09-01 11:51
무단투기,2025-12,인천광역시,서구,49,2026-09-01 11:51
무단투기,2025-12,경기도,성남시,48,2026-09-01 11:51
무단투기,2025-12,충청북도,청주시,48,2026-09-01 11:51
무단투기,2026-01,경기도,수원시,104,2026-09-01 11:51
무단투기,2026-01,경기도,화성시,100,2026-09-01 11:51
무단투기,2026-01,서울특별시,은평구,92,2026-09-01 11:51
무단투기,2026-01,경기도,고양시,81,2026-09-01 11:51
무단투기,2026-01,경기도,성남시,74,2026-09-01 11:51
무단투기,2026-01,경기도,부천시,68,2026-09-01 11:51
무단투기,2026-01,경기도,평택시,65,2026-09-01 11:51
무단투기,2026-01,인천광역시,서구,56,2026-09-01 11:51
무단투기,2026-01,서울특별시,강남구,55,2026-09-01 11:51
무단투기,2026-02,경기도,수원시,87,2026-09-01 11:51
무단투기,2026-02,경기도,성남시,83,2026-09-01 11:51
무단투기,2026-02,경기도,고양시,81,2026-09-01 11:51
무단투기,2026-02,경기도,화성시,77,2026-09-01 11:51
무단투기,2026-02,경기도,부천시,63,2026-09-01 11:51
무단투기,2026-02,경기도,평택시,59,2026-09-01 11:51
무단투기,2026-02,경기도,안산시,58,2026-09-01 11:51
무단투기,2026-02,서울특별시,관악구,56,2026-09-01 11:51
무단투기,2026-02,인천광역시,서구,55,2026-09-01 11:51
무단투기,2026-03,경기도,수원시,148,2026-09-01 11:51
무단투기,2026-03,경기도,화성시,129,2026-09-01 11:51
무단투기,2026-03,경기도,고양시,116,2026-09-01 11:51
무단투기,2026-03,경기도,성남시,92,2026-09-01 11:51
무단투기,2026-03,인천광역시,서구,80,2026-09-01 11:51
무단투기,2026-03,경기도,부천시,79,2026-09-01 11:51
무단투기,2026-03,경기도,용인시,74,2026-09-01 11:51
무단투기,2026-03,서울특별시,관악구,74,2026-09-01 11:51
무단투기,2026-03,경기도,남양주시,69,2026-09-01 11:51
무단투기,2026-04,경기도,화성시,147,2026-09-01 11:51
무단투기,2026-04,경기도,고양시,145,2026-09-01 11:51
무단투기,2026-04,경기도,수원시,130,2026-09-01 11:51
무단투기,2026-04,경기도,용인시,116,2026-09-01 11:51
무단투기,2026-04,경기도,성남시,98,2026-09-01 11:51
무단투기,2026-04,경기도,부천시,89,2026-09-01 11:51
무단투기,2026-04,인천광역시,서구,85,2026-09-01 11:51
무단투기,2026-04,경기도,남양주시,76,2026-09-01 11:51
무단투기,2026-04,서울특별시,강서구,70,2026-09-01 11:51
무단투기,2026-05,경기도,수원시,151,2026-09-01 11:51
무단투기,2026-05,경기도,화성시,137,2026-09-01 11:51
무단투기,2026-05,경기도,고양시,116,2026-09-01 11:51
무단투기,2026-05,인천광역시,서구,100,2026-09-01 11:51
무단투기,2026-05,경기도,부천시,99,2026-09-01 11:51
무단투기,2026-05,경기도,용인시,92,2026-09-01 11:51
무단투기,2026-05,경기도,성남시,91,2026-09-01 11:51
무단투기,2026-05,부산광역시,부산진구,88,2026-09-01 11:51
무단투기,2026-05,경기도,안산시,81,2026-09-01 11:51
무단투기,2026-06,경기도,수원시,156,2026-09-01 11:51
무단투기,2026-06,경기도,화성시,145,2026-09-01 11:51
무단투기,2026-06,경기도,부천시,130,2026-09-01 11:51
무단투기,2026-06,경기도,고양시,118,2026-09-01 11:51
무단투기,2026-06,경기도,성남시,103,2026-09-01 11:51
무단투기,2026-06,경기도,용인시,99,2026-09-01 11:51
무단투기,2026-06,경기도,안산시,98,2026-09-01 11:51
무단투기,2026-06,서울특별시,관악구,92,2026-09-01 11:51
무단투기,2026-06,인천광역시,미추홀구,87,2026-09-01 11:51
무단투기,2026-07,경기도,고양시,147,2026-09-01 11:51
무단투기,2026-07,경기도,부천시,141,2026-09-01 11:51
무단투기,2026-07,경기도,수원시,124,2026-09-01 11:51
무단투기,2026-07,경기도,화성시,109,2026-09-01 11:51
무단투기,2026-07,서울특별시,관악구,94,2026-09-01 11:51
무단투기,2026-07,서울특별시,마포구,87,2026-09-01 11:51
무단투기,2026-07,인천광역시,미추홀구,87,2026-09-01 11:51
무단투기,2026-07,경기도,용인시,80,2026-09-01 11:51
무단투기,2026-07,경기도,안산시,79,2026-09-01 11:51
무단투기,2026-08,경기도,수원시,174,2026-09-01 11:51
무단투기,2026-08,경기도,부천시,121,2026-09-01 11:51
무단투기,2026-08,경기도,고양시,117,2026-09-01 11:51
무단투기,2026-08,경기도,화성시,100,2026-09-01 11:51
무단투기,2026-08,서울특별시,강남구,100,2026-09-01 11:51
무단투기,2026-08,경기도,안산시,82,2026-09-01 11:51
무단투기,2026-08,경기도,용인시,78,2026-09-01 11:51
무단투기,2026-08,인천광역시,미추홀구,76,2026-09-01 11:51
무단투기,2026-08,인천광역시,서해구,71,2026-09-01 11:51
불법투기,2024-01,대구광역시,동구,30,2026-09-01 11:51
불법투기,2024-01,경기도,수원시,28,2026-09-01 11:51
불법투기,2024-01,충청북도,청주시,23,2026-09-01 11:51
불법투기,2024-01,전남광주통합특별시,북구,19,2026-09-01 11:51
불법투기,2024-01,경기도,안산시,17,2026-09-01 11:51
불법투기,2024-01,경기도,성남시,17,2026-09-01 11:51
불법투기,2024-01,전북특별자치도,전주시,16,2026-09-01 11:51
불법투기,2024-01,경기도,고양시,15,2026-09-01 11:51
불법투기,2024-01,울산광역시,중구,15,2026-09-01 11:51
불법투기,2024-02,충청북도,청주시,21,2026-09-01 11:51
불법투기,2024-02,경기도,안산시,20,2026-09-01 11:51
불법투기,2024-02,경기도,용인시,19,2026-09-01 11:51
불법투기,2024-02,전남광주통합특별시,북구,19,2026-09-01 11:51
불법투기,2024-02,전북특별자치도,전주시,17,2026-09-01 11:51
불법투기,2024-02,경기도,화성시,16,2026-09-01 11:51
불법투기,2024-02,경상남도,창원시,16,2026-09-01 11:51
불법투기,2024-02,전남광주통합특별시,광산구,15,2026-09-01 11:51
불법투기,2024-02,경기도,고양시,14,2026-09-01 11:51
불법투기,2024-03,전북특별자치도,전주시,34,2026-09-01 11:51
불법투기,2024-03,경기도,고양시,30,2026-09-01 11:51
불법투기,2024-03,경기도,성남시,27,2026-09-01 11:51
불법투기,2024-03,경상남도,창원시,25,2026-09-01 11:51
불법투기,2024-03,충청북도,청주시,23,2026-09-01 11:51
불법투기,2024-03,경기도,부천시,21,2026-09-01 11:51
불법투기,2024-03,경기도,수원시,18,2026-09-01 11:51
불법투기,2024-03,경기도,안산시,17,2026-09-01 11:51
불법투기,2024-03,경기도,용인시,17,2026-09-01 11:51
불법투기,2024-04,경기도,수원시,47,2026-09-01 11:51
불법투기,2024-04,전북특별자치도,전주시,43,2026-09-01 11:51
불법투기,2024-04,경기도,화성시,31,2026-09-01 11:51
불법투기,2024-04,경기도,성남시,28,2026-09-01 11:51
불법투기,2024-04,경기도,안산시,25,2026-09-01 11:51
불법투기,2024-04,전남광주통합특별시,북구,25,2026-09-01 11:51
불법투기,2024-04,충청북도,청주시,25,2026-09-01 11:51
불법투기,2024-04,대구광역시,동구,24,2026-09-01 11:51
불법투기,2024-04,경상남도,창원시,23,2026-09-01 11:51
불법투기,2024-05,충청북도,청주시,37,2026-09-01 11:51
불법투기,2024-05,경상남도,김해시,29,2026-09-01 11:51
불법투기,2024-05,인천광역시,미추홀구,29,2026-09-01 11:51
불법투기,2024-05,전남광주통합특별시,북구,27,2026-09-01 11:51
불법투기,2024-05,전북특별자치도,전주시,26,2026-09-01 11:51
불법투기,2024-05,경기도,고양시,25,2026-09-01 11:51
불법투기,2024-05,경기도,안산시,24,2026-09-01 11:51
불법투기,2024-05,서울특별시,양천구,23,2026-09-01 11:51
불법투기,2024-05,대전광역시,서구,22,2026-09-01 11:51
불법투기,2024-06,경기도,수원시,38,2026-09-01 11:51
불법투기,2024-06,충청북도,청주시,32,2026-09-01 11:51
불법투기,2024-06,대구광역시,동구,28,2026-09-01 11:51
불법투기,2024-06,전남광주통합특별시,북구,28,2026-09-01 11:51
불법투기,2024-06,전북특별자치도,전주시,28,2026-09-01 11:51
불법투기,2024-06,충청남도,아산시,23,2026-09-01 11:51
불법투기,2024-06,경기도,부천시,22,2026-09-01 11:51
불법투기,2024-06,경상남도,창원시,21,2026-09-01 11:51
불법투기,2024-06,경기도,안산시,20,2026-09-01 11:51
불법투기,2024-07,충청북도,청주시,41,2026-09-01 11:51
불법투기,2024-07,전남광주통합특별시,북구,39,2026-09-01 11:51
불법투기,2024-07,경기도,수원시,33,2026-09-01 11:51
불법투기,2024-07,경기도,화성시,32,2026-09-01 11:51
불법투기,2024-07,경상남도,창원시,26,2026-09-01 11:51
불법투기,2024-07,경기도,용인시,24,2026-09-01 11:51
불법투기,2024-07,전북특별자치도,전주시,24,2026-09-01 11:51
불법투기,2024-07,경기도,부천시,23,2026-09-01 11:51
불법투기,2024-07,대구광역시,달서구,23,2026-09-01 11:51
불법투기,2024-08,전북특별자치도,전주시,43,2026-09-01 11:51
불법투기,2024-08,경상남도,창원시,38,2026-09-01 11:51
불법투기,2024-08,전남광주통합특별시,북구,34,2026-09-01 11:51
불법투기,2024-08,충청북도,청주시,34,2026-09-01 11:51
불법투기,2024-08,경기도,부천시,27,2026-09-01 11:51
불법투기,2024-08,대구광역시,북구,26,2026-09-01 11:51
불법투기,2024-08,경상남도,김해시,25,2026-09-01 11:51
불법투기,2024-08,경기도,수원시,24,2026-09-01 11:51
불법투기,2024-08,경기도,성남시,23,2026-09-01 11:51
불법투기,2024-09,전남광주통합특별시,북구,34,2026-09-01 11:51
불법투기,2024-09,경기도,부천시,32,2026-09-01 11:51
불법투기,2024-09,전북특별자치도,전주시,32,2026-09-01 11:51
불법투기,2024-09,경기도,수원시,31,2026-09-01 11:51
불법투기,2024-09,충청북도,청주시,27,2026-09-01 11:51
불법투기,2024-09,경기도,화성시,23,2026-09-01 11:51
불법투기,2024-09,경기도,성남시,22,2026-09-01 11:51
불법투기,2024-09,경상남도,창원시,21,2026-09-01 11:51
불법투기,2024-09,전남광주통합특별시,광산구,20,2026-09-01 11:51
불법투기,2024-10,전북특별자치도,전주시,33,2026-09-01 11:51
불법투기,2024-10,전남광주통합특별시,북구,32,2026-09-01 11:51
불법투기,2024-10,경기도,수원시,30,2026-09-01 11:51
불법투기,2024-10,경기도,화성시,26,2026-09-01 11:51
불법투기,2024-10,충청북도,청주시,25,2026-09-01 11:51
불법투기,2024-10,경기도,성남시,24,2026-09-01 11:51
불법투기,2024-10,경기도,용인시,24,2026-09-01 11:51
불법투기,2024-10,울산광역시,중구,21,2026-09-01 11:51
불법투기,2024-10,경기도,고양시,19,2026-09-01 11:51
불법투기,2024-11,전북특별자치도,전주시,25,2026-09-01 11:51
불법투기,2024-11,경기도,수원시,24,2026-09-01 11:51
불법투기,2024-11,충청북도,청주시,18,2026-09-01 11:51
불법투기,2024-11,경기도,안산시,17,2026-09-01 11:51
불법투기,2024-11,경기도,성남시,16,2026-09-01 11:51
불법투기,2024-11,경상북도,구미시,16,2026-09-01 11:51
불법투기,2024-11,전남광주통합특별시,광산구,15,2026-09-01 11:51
불법투기,2024-11,대전광역시,서구,15,2026-09-01 11:51
불법투기,2024-11,경기도,화성시,14,2026-09-01 11:51
불법투기,2024-12,서울특별시,구로구,31,2026-09-01 11:51
불법투기,2024-12,전북특별자치도,익산시,25,2026-09-01 11:51
불법투기,2024-12,전북특별자치도,전주시,22,2026-09-01 11:51
불법투기,2024-12,충청북도,청주시,22,2026-09-01 11:51
불법투기,2024-12,경기도,화성시,18,2026-09-01 11:51
불법투기,2024-12,대구광역시,달서구,18,2026-09-01 11:51
불법투기,2024-12,대구광역시,동구,17,2026-09-01 11:51
불법투기,2024-12,경기도,수원시,16,2026-09-01 11:51
불법투기,2024-12,서울특별시,중랑구,15,2026-09-01 11:51
불법투기,2025-01,충청북도,청주시,25,2026-09-01 11:51
불법투기,2025-01,전북특별자치도,전주시,20,2026-09-01 11:51
불법투기,2025-01,경기도,부천시,18,2026-09-01 11:51
불법투기,2025-01,전남광주통합특별시,북구,18,2026-09-01 11:51
불법투기,2025-01,대전광역시,서구,18,2026-09-01 11:51
불법투기,2025-01,경기도,성남시,15,2026-09-01 11:51
불법투기,2025-01,전남광주통합특별시,광산구,15,2026-09-01 11:51
불법투기,2025-01,경기도,고양시,14,2026-09-01 11:51
불법투기,2025-01,대구광역시,서구,14,2026-09-01 11:51
불법투기,2025-02,전남광주통합특별시,북구,25,2026-09-01 11:52
불법투기,2025-02,전북특별자치도,전주시,22,2026-09-01 11:52
불법투기,2025-02,경기도,부천시,19,2026-09-01 11:52
불법투기,2025-02,경기도,성남시,18,2026-09-01 11:52
불법투기,2025-02,경기도,수원시,16,2026-09-01 11:52
불법투기,2025-02,경상북도,구미시,15,2026-09-01 11:52
불법투기,2025-02,충청북도,청주시,15,2026-09-01 11:52
불법투기,2025-02,대구광역시,북구,14,2026-09-01 11:52
불법투기,2025-02,경상북도,포항시,12,2026-09-01 11:52
불법투기,2025-03,전북특별자치도,전주시,47,2026-09-01 11:52
불법투기,2025-03,경기도,수원시,35,2026-09-01 11:52
불법투기,2025-03,충청북도,청주시,35,2026-09-01 11:52
불법투기,2025-03,전남광주통합특별시,북구,28,2026-09-01 11:52
불법투기,2025-03,경기도,화성시,27,2026-09-01 11:52
불법투기,2025-03,경상북도,구미시,27,2026-09-01 11:52
불법투기,2025-03,경기도,부천시,26,2026-09-01 11:52
불법투기,2025-03,경기도,고양시,25,2026-09-01 11:52
불법투기,2025-03,경기도,안산시,24,2026-09-01 11:52
불법투기,2025-04,경기도,수원시,39,2026-09-01 11:52
불법투기,2025-04,충청북도,청주시,29,2026-09-01 11:52
불법투기,2025-04,경기도,성남시,27,2026-09-01 11:52
불법투기,2025-04,전남광주통합특별시,북구,26,2026-09-01 11:52
불법투기,2025-04,대구광역시,동구,25,2026-09-01 11:52
불법투기,2025-04,대구광역시,달서구,23,2026-09-01 11:52
불법투기,2025-04,경상남도,창원시,22,2026-09-01 11:52
불법투기,2025-04,경기도,화성시,21,2026-09-01 11:52
불법투기,2025-04,경기도,고양시,20,2026-09-01 11:52
불법투기,2025-05,충청북도,청주시,43,2026-09-01 11:52
불법투기,2025-05,전남광주통합특별시,북구,32,2026-09-01 11:52
불법투기,2025-05,경기도,고양시,31,2026-09-01 11:52
불법투기,2025-05,전북특별자치도,전주시,31,2026-09-01 11:52
불법투기,2025-05,경기도,수원시,28,2026-09-01 11:52
불법투기,2025-05,경기도,성남시,27,2026-09-01 11:52
불법투기,2025-05,경상남도,창원시,25,2026-09-01 11:52
불법투기,2025-05,경기도,용인시,24,2026-09-01 11:52
불법투기,2025-05,경기도,화성시,24,2026-09-01 11:52
불법투기,2025-06,충청북도,청주시,54,2026-09-01 11:52
불법투기,2025-06,경기도,고양시,43,2026-09-01 11:52
불법투기,2025-06,전남광주통합특별시,북구,32,2026-09-01 11:52
불법투기,2025-06,경기도,부천시,24,2026-09-01 11:52
불법투기,2025-06,경기도,수원시,24,2026-09-01 11:52
불법투기,2025-06,경기도,용인시,24,2026-09-01 11:52
불법투기,2025-06,서울특별시,관악구,22,2026-09-01 11:52
불법투기,2025-06,전남광주통합특별시,서구,22,2026-09-01 11:52
불법투기,2025-06,경기도,안산시,21,2026-09-01 11:52
불법투기,2025-07,서울특별시,중랑구,119,2026-09-01 11:52
불법투기,2025-07,경기도,고양시,60,2026-09-01 11:52
불법투기,2025-07,경기도,성남시,47,2026-09-01 11:52
불법투기,2025-07,충청북도,청주시,38,2026-09-01 11:52
불법투기,2025-07,전북특별자치도,전주시,37,2026-09-01 11:52
불법투기,2025-07,전남광주통합특별시,북구,34,2026-09-01 11:52
불법투기,2025-07,대전광역시,서구,33,2026-09-01 11:52
불법투기,2025-07,경기도,부천시,32,2026-09-01 11:52
불법투기,2025-07,경기도,수원시,28,2026-09-01 11:52
불법투기,2025-08,경기도,고양시,44,2026-09-01 11:52
불법투기,2025-08,전남광주통합특별시,북구,41,2026-09-01 11:52
불법투기,2025-08,충청북도,청주시,40,2026-09-01 11:52
불법투기,2025-08,전북특별자치도,전주시,33,2026-09-01 11:52
불법투기,2025-08,경상남도,창원시,32,2026-09-01 11:52
불법투기,2025-08,경기도,부천시,27,2026-09-01 11:52
불법투기,2025-08,경기도,화성시,24,2026-09-01 11:52
불법투기,2025-08,경기도,안산시,23,2026-09-01 11:52
불법투기,2025-08,경기도,수원시,22,2026-09-01 11:52
불법투기,2025-09,전북특별자치도,전주시,35,2026-09-01 11:52
불법투기,2025-09,경기도,고양시,31,2026-09-01 11:52
불법투기,2025-09,전남광주통합특별시,북구,29,2026-09-01 11:52
불법투기,2025-09,전북특별자치도,익산시,27,2026-09-01 11:52
불법투기,2025-09,경기도,성남시,25,2026-09-01 11:52
불법투기,2025-09,경기도,화성시,25,2026-09-01 11:52
불법투기,2025-09,경상남도,창원시,25,2026-09-01 11:52
불법투기,2025-09,충청북도,청주시,25,2026-09-01 11:52
불법투기,2025-09,대전광역시,유성구,24,2026-09-01 11:52
불법투기,2025-10,경기도,부천시,2,2026-09-01 11:52
불법투기,2025-10,경기도,파주시,2,2026-09-01 11:52
불법투기,2025-10,서울특별시,송파구,2,2026-09-01 11:52
불법투기,2025-10,경상남도,창원시,2,2026-09-01 11:52
불법투기,2025-10,전북특별자치도,전주시,2,2026-09-01 11:52
불법투기,2025-10,울산광역시,울주군,2,2026-09-01 11:52
불법투기,2025-10,전남광주통합특별시,순천시,2,2026-09-01 11:52
불법투기,2025-10,경기도,성남시,1,2026-09-01 11:52
불법투기,2025-10,경기도,고양시,1,2026-09-01 11:52
불법투기,2025-11,경기도,용인시,50,2026-09-01 11:52
불법투기,2025-11,충청북도,청주시,34,2026-09-01 11:52
불법투기,2025-11,전북특별자치도,전주시,30,2026-09-01 11:52
불법투기,2025-11,경기도,고양시,29,2026-09-01 11:52
불법투기,2025-11,전남광주통합특별시,북구,26,2026-09-01 11:52
불법투기,2025-11,경기도,부천시,23,2026-09-01 11:52
불법투기,2025-11,대구광역시,달서구,22,2026-09-01 11:52
불법투기,2025-11,경기도,수원시,21,2026-09-01 11:52
불법투기,2025-11,전남광주통합특별시,광산구,19,2026-09-01 11:52
불법투기,2025-12,충청북도,청주시,33,2026-09-01 11:52
불법투기,2025-12,경기도,화성시,30,2026-09-01 11:52
불법투기,2025-12,전북특별자치도,전주시,30,2026-09-01 11:52
불법투기,2025-12,경기도,수원시,27,2026-09-01 11:52
불법투기,2025-12,경기도,고양시,23,2026-09-01 11:52
불법투기,2025-12,전남광주통합특별시,북구,23,2026-09-01 11:52
불법투기,2025-12,대구광역시,북구,21,2026-09-01 11:52
불법투기,2025-12,경기도,안산시,18,2026-09-01 11:52
불법투기,2025-12,전남광주통합특별시,서구,18,2026-09-01 11:52
불법투기,2026-01,경기도,고양시,31,2026-09-01 11:52
불법투기,2026-01,경기도,평택시,25,2026-09-01 11:52
불법투기,2026-01,경기도,화성시,25,2026-09-01 11:52
불법투기,2026-01,충청북도,청주시,21,2026-09-01 11:52
불법투기,2026-01,경기도,용인시,17,2026-09-01 11:52
불법투기,2026-01,경상남도,창원시,17,2026-09-01 11:52
불법투기,2026-01,전남광주통합특별시,북구,16,2026-09-01 11:52
불법투기,2026-01,전남광주통합특별시,광산구,15,2026-09-01 11:52
불법투기,2026-01,전남광주통합특별시,여수시,15,2026-09-01 11:52
불법투기,2026-02,경기도,고양시,32,2026-09-01 11:52
불법투기,2026-02,전북특별자치도,전주시,27,2026-09-01 11:52
불법투기,2026-02,전남광주통합특별시,북구,26,2026-09-01 11:52
불법투기,2026-02,경기도,화성시,24,2026-09-01 11:52
불법투기,2026-02,전남광주통합특별시,광산구,21,2026-09-01 11:52
불법투기,2026-02,인천광역시,서구,21,2026-09-01 11:52
불법투기,2026-02,경기도,부천시,20,2026-09-01 11:52
불법투기,2026-02,대구광역시,달서구,20,2026-09-01 11:52
불법투기,2026-02,경상남도,창원시,19,2026-09-01 11:52
불법투기,2026-03,경기도,고양시,58,2026-09-01 11:52
불법투기,2026-03,전북특별자치도,전주시,39,2026-09-01 11:52
불법투기,2026-03,전남광주통합특별시,북구,33,2026-09-01 11:52
불법투기,2026-03,경기도,화성시,29,2026-09-01 11:52
불법투기,2026-03,대전광역시,서구,29,2026-09-01 11:52
불법투기,2026-03,충청북도,청주시,28,2026-09-01 11:52
불법투기,2026-03,경기도,수원시,23,2026-09-01 11:52
불법투기,2026-03,인천광역시,서구,23,2026-09-01 11:52
불법투기,2026-03,경상남도,창원시,22,2026-09-01 11:52
불법투기,2026-04,전북특별자치도,전주시,43,2026-09-01 11:52
불법투기,2026-04,충청북도,청주시,35,2026-09-01 11:52
불법투기,2026-04,전남광주통합특별시,북구,34,2026-09-01 11:52
불법투기,2026-04,경기도,수원시,31,2026-09-01 11:52
불법투기,2026-04,경기도,고양시,29,2026-09-01 11:52
불법투기,2026-04,경상북도,구미시,29,2026-09-01 11:52
불법투기,2026-04,경기도,부천시,27,2026-09-01 11:52
불법투기,2026-04,경기도,용인시,22,2026-09-01 11:52
불법투기,2026-04,경상남도,창원시,22,2026-09-01 11:52
불법투기,2026-05,전북특별자치도,전주시,41,2026-09-01 11:52
불법투기,2026-05,충청북도,청주시,38,2026-09-01 11:52
불법투기,2026-05,경기도,고양시,37,2026-09-01 11:52
불법투기,2026-05,경기도,화성시,34,2026-09-01 11:52
불법투기,2026-05,경상남도,창원시,33,2026-09-01 11:52
불법투기,2026-05,경기도,수원시,30,2026-09-01 11:52
불법투기,2026-05,전남광주통합특별시,북구,29,2026-09-01 11:52
불법투기,2026-05,경기도,용인시,27,2026-09-01 11:52
불법투기,2026-05,경기도,부천시,26,2026-09-01 11:52
불법투기,2026-06,경기도,안산시,43,2026-09-01 11:52
불법투기,2026-06,전북특별자치도,전주시,42,2026-09-01 11:52
불법투기,2026-06,경기도,고양시,39,2026-09-01 11:52
불법투기,2026-06,충청북도,청주시,33,2026-09-01 11:52
불법투기,2026-06,전남광주통합특별시,북구,27,2026-09-01 11:52
불법투기,2026-06,대전광역시,서구,27,2026-09-01 11:52
불법투기,2026-06,경상남도,창원시,26,2026-09-01 11:52
불법투기,2026-06,경기도,부천시,25,2026-09-01 11:52
불법투기,2026-06,전북특별자치도,익산시,25,2026-09-01 11:52
불법투기,2026-07,전북특별자치도,전주시,36,2026-09-01 11:52
불법투기,2026-07,전남광주통합특별시,북구,34,2026-09-01 11:52
불법투기,2026-07,경기도,안산시,31,2026-09-01 11:52
불법투기,2026-07,충청북도,청주시,30,2026-09-01 11:52
불법투기,2026-07,전남광주통합특별시,남구,24,2026-09-01 11:52
불법투기,2026-07,경기도,수원시,23,2026-09-01 11:52
불법투기,2026-07,경기도,부천시,22,2026-09-01 11:52
불법투기,2026-07,대전광역시,서구,22,2026-09-01 11:52
불법투기,2026-07,경기도,고양시,21,2026-09-01 11:52
불법투기,2026-08,전남광주통합특별시,북구,44,2026-09-01 11:52
불법투기,2026-08,경기도,성남시,29,2026-09-01 11:52
불법투기,2026-08,충청북도,청주시,29,2026-09-01 11:52
불법투기,2026-08,경기도,안산시,27,2026-09-01 11:52
불법투기,2026-08,전북특별자치도,전주시,26,2026-09-01 11:52
불법투기,2026-08,경기도,부천시,25,2026-09-01 11:52
불법투기,2026-08,경기도,용인시,22,2026-09-01 11:52
불법투기,2026-08,경상남도,창원시,22,2026-09-01 11:52
불법투기,2026-08,경기도,수원시,21,2026-09-01 11:52
